Workbook

Sheet 参数
A1: 参数名 | B1: 数值 | C1: 单位/说明 | D1: 来源链接
A2: 全国居民人均消费支出(2024) | B2: 28227 | C2: 元/年（用于推导“消费→GDP”换算系数的默认值） | D2: https://www.stats.gov.cn/sj/zxfb/202501/t20250117_1958325.html
A3: 全国人均GDP(2024) | B3: 95749 | C3: 元/年（用于推导“消费→GDP”换算系数的默认值） | D3: https://www.stats.gov.cn/sj/zxfb/202502/t20250228_1958817.html
A4: 换算系数α=人均消费/人均GDP(默认) | B4: =B2/B3 | C4: 无量纲；用于：人均GDP≈人均年消费/α（可手动改）
A5: 默认男性占比(全国人口构成,2024) | B5: 0.511 | C5: 比例（可在“人口假设”表按城市修改） | D5: https://www.stats.gov.cn/sj/zxfb/202502/t20250228_1958817.html
A6: 默认女性占比(全国人口构成,2024) | B6: =1-B5 | C6: 比例 | D6: 同上
A7: 生成时间 | B7: 2026-04-15 23:00:56

Sheet 人口假设
A1: 城市 | B1: 总人口(万人，可选) | C1: 男性占比 | D1: 女性占比 | E1: 备注/来源(可填)
A2: 香港 | C2: =参数!B5 | D2: =参数!B6
A3: 澳门 | C3: =参数!B5 | D3: =参数!B6
A4: 台北 | C4: =参数!B5 | D4: =参数!B6
A5: 上海 | C5: =参数!B5 | D5: =参数!B6
A6: 北京 | C6: =参数!B5 | D6: =参数!B6
A7: 杭州 | C7: =参数!B5 | D7: =参数!B6
A8: 南京 | C8: =参数!B5 | D8: =参数!B6
A9: 武汉 | C9: =参数!B5 | D9: =参数!B6
A10: 成都 | C10: =参数!B5 | D10: =参数!B6
A11: 长沙 | C11: =参数!B5 | D11: =参数!B6
A12: 苏州 | C12: =参数!B5 | D12: =参数!B6
A13: 天津 | C13: =参数!B5 | D13: =参数!B6
A14: 厦门 | C14: =参数!B5 | D14: =参数!B6
A15: 深圳 | C15: =参数!B5 | D15: =参数!B6
A16: 重庆 | C16: =参数!B5 | D16: =参数!B6
A17: 宁波 | C17: =参数!B5 | D17: =参数!B6
A18: 西安 | C18: =参数!B5 | D18: =参数!B6
A19: 广州 | C19: =参数!B5 | D19: =参数!B6
A20: 济南 | C20: =参数!B5 | D20: =参数!B6
A21: 郑州 | C21: =参数!B5 | D21: =参数!B6
A22: 青岛 | C22: =参数!B5 | D22: =参数!B6
A23: 福州 | C23: =参数!B5 | D23: =参数!B6
A24: 合肥 | C24: =参数!B5 | D24: =参数!B6
A25: 沈阳 | C25: =参数!B5 | D25: =参数!B6
A26: 大连 | C26: =参数!B5 | D26: =参数!B6

Sheet 估算GDP
A1: 序号 | B1: 城市 | C1: 男性人均月消费(元) | D1: 女性人均月消费(元) | E1: 男性占比 | F1: 女性占比 | G1: 加权人均月消费(元) | H1: 加权人均年消费(元) | I1: 换算系数α | J1: 估算人均GDP(元) | K1: 总人口(万人，可选) | L1: 估算GDP总量(亿元，可选)
A2: 1 | B2: 香港 | C2: =数据表!C2 | D2: =数据表!D2 | E2: =人口假设!C2 | F2: =人口假设!D2 | G2: =C2*E2+D2*F2 | H2: =G2*12 | I2: =参数!B4 | J2: =H2/I2 | K2: =人口假设!B2 | L2: =IF(K2="","",J2*K2*10000/100000000)
A3: 2 | B3: 澳门 | C3: =数据表!C3 | D3: =数据表!D3 | E3: =人口假设!C3 | F3: =人口假设!D3 | G3: =C3*E3+D3*F3 | H3: =G3*12 | I3: =参数!B4 | J3: =H3/I3 | K3: =人口假设!B3 | L3: =IF(K3="","",J3*K3*10000/100000000)
A4: 3 | B4: 台北 | C4: =数据表!C4 | D4: =数据表!D4 | E4: =人口假设!C4 | F4: =人口假设!D4 | G4: =C4*E4+D4*F4 | H4: =G4*12 | I4: =参数!B4 | J4: =H4/I4 | K4: =人口假设!B4 | L4: =IF(K4="","",J4*K4*10000/100000000)
A5: 4 | B5: 上海 | C5: =数据表!C5 | D5: =数据表!D5 | E5: =人口假设!C5 | F5: =人口假设!D5 | G5: =C5*E5+D5*F5 | H5: =G5*12 | I5: =参数!B4 | J5: =H5/I5 | K5: =人口假设!B5 | L5: =IF(K5="","",J5*K5*10000/100000000)
A6: 5 | B6: 北京 | C6: =数据表!C6 | D6: =数据表!D6 | E6: =人口假设!C6 | F6: =人口假设!D6 | G6: =C6*E6+D6*F6 | H6: =G6*12 | I6: =参数!B4 | J6: =H6/I6 | K6: =人口假设!B6 | L6: =IF(K6="","",J6*K6*10000/100000000)
A7: 6 | B7: 杭州 | C7: =数据表!C7 | D7: =数据表!D7 | E7: =人口假设!C7 | F7: =人口假设!D7 | G7: =C7*E7+D7*F7 | H7: =G7*12 | I7: =参数!B4 | J7: =H7/I7 | K7: =人口假设!B7 | L7: =IF(K7="","",J7*K7*10000/100000000)
A8: 7 | B8: 南京 | C8: =数据表!C8 | D8: =数据表!D8 | E8: =人口假设!C8 | F8: =人口假设!D8 | G8: =C8*E8+D8*F8 | H8: =G8*12 | I8: =参数!B4 | J8: =H8/I8 | K8: =人口假设!B8 | L8: =IF(K8="","",J8*K8*10000/100000000)
A9: 8 | B9: 武汉 | C9: =数据表!C9 | D9: =数据表!D9 | E9: =人口假设!C9 | F9: =人口假设!D9 | G9: =C9*E9+D9*F9 | H9: =G9*12 | I9: =参数!B4 | J9: =H9/I9 | K9: =人口假设!B9 | L9: =IF(K9="","",J9*K9*10000/100000000)
A10: 9 | B10: 成都 | C10: =数据表!C10 | D10: =数据表!D10 | E10: =人口假设!C10 | F10: =人口假设!D10 | G10: =C10*E10+D10*F10 | H10: =G10*12 | I10: =参数!B4 | J10: =H10/I10 | K10: =人口假设!B10 | L10: =IF(K10="","",J10*K10*10000/100000000)
A11: 10 | B11: 长沙 | C11: =数据表!C11 | D11: =数据表!D11 | E11: =人口假设!C11 | F11: =人口假设!D11 | G11: =C11*E11+D11*F11 | H11: =G11*12 | I11: =参数!B4 | J11: =H11/I11 | K11: =人口假设!B11 | L11: =IF(K11="","",J11*K11*10000/100000000)
A12: 11 | B12: 苏州 | C12: =数据表!C12 | D12: =数据表!D12 | E12: =人口假设!C12 | F12: =人口假设!D12 | G12: =C12*E12+D12*F12 | H12: =G12*12 | I12: =参数!B4 | J12: =H12/I12 | K12: =人口假设!B12 | L12: =IF(K12="","",J12*K12*10000/100000000)
A13: 12 | B13: 天津 | C13: =数据表!C13 | D13: =数据表!D13 | E13: =人口假设!C13 | F13: =人口假设!D13 | G13: =C13*E13+D13*F13 | H13: =G13*12 | I13: =参数!B4 | J13: =H13/I13 | K13: =人口假设!B13 | L13: =IF(K13="","",J13*K13*10000/100000000)
A14: 13 | B14: 厦门 | C14: =数据表!C14 | D14: =数据表!D14 | E14: =人口假设!C14 | F14: =人口假设!D14 | G14: =C14*E14+D14*F14 | H14: =G14*12 | I14: =参数!B4 | J14: =H14/I14 | K14: =人口假设!B14 | L14: =IF(K14="","",J14*K14*10000/100000000)
A15: 14 | B15: 深圳 | C15: =数据表!C15 | D15: =数据表!D15 | E15: =人口假设!C15 | F15: =人口假设!D15 | G15: =C15*E15+D15*F15 | H15: =G15*12 | I15: =参数!B4 | J15: =H15/I15 | K15: =人口假设!B15 | L15: =IF(K15="","",J15*K15*10000/100000000)
A16: 15 | B16: 重庆 | C16: =数据表!C16 | D16: =数据表!D16 | E16: =人口假设!C16 | F16: =人口假设!D16 | G16: =C16*E16+D16*F16 | H16: =G16*12 | I16: =参数!B4 | J16: =H16/I16 | K16: =人口假设!B16 | L16: =IF(K16="","",J16*K16*10000/100000000)
A17: 16 | B17: 宁波 | C17: =数据表!C17 | D17: =数据表!D17 | E17: =人口假设!C17 | F17: =人口假设!D17 | G17: =C17*E17+D17*F17 | H17: =G17*12 | I17: =参数!B4 | J17: =H17/I17 | K17: =人口假设!B17 | L17: =IF(K17="","",J17*K17*10000/100000000)
A18: 17 | B18: 西安 | C18: =数据表!C18 | D18: =数据表!D18 | E18: =人口假设!C18 | F18: =人口假设!D18 | G18: =C18*E18+D18*F18 | H18: =G18*12 | I18: =参数!B4 | J18: =H18/I18 | K18: =人口假设!B18 | L18: =IF(K18="","",J18*K18*10000/100000000)
A19: 18 | B19: 广州 | C19: =数据表!C19 | D19: =数据表!D19 | E19: =人口假设!C19 | F19: =人口假设!D19 | G19: =C19*E19+D19*F19 | H19: =G19*12 | I19: =参数!B4 | J19: =H19/I19 | K19: =人口假设!B19 | L19: =IF(K19="","",J19*K19*10000/100000000)
A20: 19 | B20: 济南 | C20: =数据表!C20 | D20: =数据表!D20 | E20: =人口假设!C20 | F20: =人口假设!D20 | G20: =C20*E20+D20*F20 | H20: =G20*12 | I20: =参数!B4 | J20: =H20/I20 | K20: =人口假设!B20 | L20: =IF(K20="","",J20*K20*10000/100000000)
A21: 20 | B21: 郑州 | C21: =数据表!C21 | D21: =数据表!D21 | E21: =人口假设!C21 | F21: =人口假设!D21 | G21: =C21*E21+D21*F21 | H21: =G21*12 | I21: =参数!B4 | J21: =H21/I21 | K21: =人口假设!B21 | L21: =IF(K21="","",J21*K21*10000/100000000)
A22: 21 | B22: 青岛 | C22: =数据表!C22 | D22: =数据表!D22 | E22: =人口假设!C22 | F22: =人口假设!D22 | G22: =C22*E22+D22*F22 | H22: =G22*12 | I22: =参数!B4 | J22: =H22/I22 | K22: =人口假设!B22 | L22: =IF(K22="","",J22*K22*10000/100000000)
A23: 22 | B23: 福州 | C23: =数据表!C23 | D23: =数据表!D23 | E23: =人口假设!C23 | F23: =人口假设!D23 | G23: =C23*E23+D23*F23 | H23: =G23*12 | I23: =参数!B4 | J23: =H23/I23 | K23: =人口假设!B23 | L23: =IF(K23="","",J23*K23*10000/100000000)
A24: 23 | B24: 合肥 | C24: =数据表!C24 | D24: =数据表!D24 | E24: =人口假设!C24 | F24: =人口假设!D24 | G24: =C24*E24+D24*F24 | H24: =G24*12 | I24: =参数!B4 | J24: =H24/I24 | K24: =人口假设!B24 | L24: =IF(K24="","",J24*K24*10000/100000000)
A25: 24 | B25: 沈阳 | C25: =数据表!C25 | D25: =数据表!D25 | E25: =人口假设!C25 | F25: =人口假设!D25 | G25: =C25*E25+D25*F25 | H25: =G25*12 | I25: =参数!B4 | J25: =H25/I25 | K25: =人口假设!B25 | L25: =IF(K25="","",J25*K25*10000/100000000)
A26: 25 | B26: 大连 | C26: =数据表!C26 | D26: =数据表!D26 | E26: =人口假设!C26 | F26: =人口假设!D26 | G26: =C26*E26+D26*F26 | H26: =G26*12 | I26: =参数!B4 | J26: =H26/I26 | K26: =人口假设!B26 | L26: =IF(K26="","",J26*K26*10000/100000000)

Sheet 数据表
A1: 序号 | B1: 城市 | C1: 男性人均每月消费额(元) | D1: 女性人均每月消费额(元) | E1: 省市区 | F1: 区域
A2: 1 | B2: 香港 | C2: 23543 | D2: 23608 | E2: 香港 | F2: 华南
A3: 2 | B3: 澳门 | C3: 21167 | D3: 22532 | E3: 澳门 | F3: 华南
A4: 3 | B4: 台北 | C4: 9913 | D4: 9894 | E4: 台湾 | F4: 华东
A5: 4 | B5: 上海 | C5: 5462 | D5: 10872 | E5: 上海 | F5: 华东
A6: 5 | B6: 北京 | C6: 5421 | D6: 10455 | E6: 北京 | F6: 华北
A7: 6 | B7: 杭州 | C7: 5124 | D7: 9885 | E7: 浙江 | F7: 华东
A8: 7 | B8: 南京 | C8: 5102 | D8: 9843 | E8: 江苏 | F8: 华东
A9: 8 | B9: 武汉 | C9: 5087 | D9: 9556 | E9: 湖北 | F9: 华中
A10: 9 | B10: 成都 | C10: 5055 | D10: 9122 | E10: 四川 | F10: 西南
A11: 10 | B11: 长沙 | C11: 5023 | D11: 9133 | E11: 湖南 | F11: 华中
A12: 11 | B12: 苏州 | C12: 5015 | D12: 9262 | E12: 江苏 | F12: 华东
A13: 12 | B13: 天津 | C13: 5006 | D13: 9371 | E13: 天津 | F13: 华北
... A26: 25 | B26: 大连 | C26: 4853 | D26: 8196 | E26: 辽宁 | F26: 东北

Sheet 来源说明
A1: 来源链接 | B1: https://www.163.com/dy/article/KC72RRK605388U6J.html
A2: 提取方式 | B2: 根据文章配图表格逐行转录为结构化数据（未对数据真实性/口径做独立核验）
A3: 提取时间 | B3: 2026-04-15 22:51:49
