Workbook

Sheet 参数
A1: 参数名 | B1: 数值 | C1: 单位/说明 | D1: 来源链接
A2: 全国居民人均消费支出(2024) | B2: 28227 | C2: 元/年（用于推导“消费→GDP”换算系数的默认值） | D2: https://www.stats.gov.cn/sj/zxfb/202501/t20250117_1958325.html
A3: 全国人均GDP(2024) | B3: 95749 | C3: 元/年（用于推导“消费→GDP”换算系数的默认值） | D3: https://www.stats.gov.cn/sj/zxfb/202502/t20250228_1958817.html
A4: 换算系数α=人均消费/人均GDP(默认) | B4: =B2/B3 | C4: 无量纲；用于：人均GDP≈人均年消费/α（可手动改）
A5: 默认男性占比(全国人口构成,2024) | B5: 0.511 | C5: 比例（可在“人口假设”表按城市修改） | D5: https://www.stats.gov.cn/sj/zxfb/202502/t20250228_1958817.html
A6: 默认女性占比(全国人口构成,2024) | B6: =1-B5 | C6: 比例 | D6: 同上
A7: 生成时间 | B7: 2026-04-15 23:00:56
A8: HKD兑人民币(假设) | B8: 0.92 | C8: 用于把香港实际GDP(港元)折算为人民币；可改
A9: MOP兑人民币(假设) | B9: 0.9 | C9: 用于把澳门实际GDP(澳门元)折算为人民币；可改

Sheet 人口假设
A1: 城市 | B1: 总人口(万人，可选) | C1: 男性占比 | D1: 女性占比 | E1: 备注/来源(可填)
A2: 香港 | B2: 753.42 | C2: =参数!B5 | D2: =参数!B6 | E2: 2024年末 年终人口（临时数字）；来源：https://www.info.gov.hk/gia/general/202502/18/P2025021800292.htm
A3: 澳门 | B3: 68.83 | C3: =参数!B5 | D3: =参数!B6 | E3: 2024年终 年终总人口；来源：https://www.dsec.gov.mo/getAttachment/bf633774-4b9e-4f4a-ab56-b7c2ce1d2cb4/C_POP_PUB_2024_Q4.aspx
A4: 台北 | B4: 243.9507 | C4: =参数!B5 | D4: =参数!B6 | E4: 2025年12月 户籍人口（口径与大陆常住人口不同）；来源：https://ca.gov.taipei/News_Content.aspx?n=8693DC9620A1AABF&s=EE7D5719108F4026&sms=D19E9582624D83CB
A5: 上海 | B5: 2480.26 | C5: =参数!B5 | D5: =参数!B6 | E5: 2024年末 常住人口；来源：https://tjj.sh.gov.cn/tjgb/20250324/a7fe18c6d5c24d66bfca89c5bb4cdcfb.html
A6: 北京 | B6: 2183.2 | C6: =参数!B5 | D6: =参数!B6 | E6: 2024年末 常住人口；来源：https://tjj.beijing.gov.cn/tjsj_31433/tjgb_31445/ndgb_31446/202503/t20250319_4038820.html
A7: 杭州 | B7: 1262.4 | C7: =参数!B5 | D7: =参数!B6 | E7: 2024年末 常住人口（抽样调查推算）；来源：https://www.hangzhou.gov.cn/art/2025/3/20/art_1229063404_4338664.html
A8: 南京 | B8: 957.7 | C8: =参数!B5 | D8: =参数!B6 | E8: 2024年末 常住人口；来源：https://tjj.nanjing.gov.cn/bmfw/njsj/202504/t20250401_5108490.html
A9: 武汉 | B9: 1380.91 | C9: =参数!B5 | D9: =参数!B6 | E9: 2024年末 常住人口；来源：https://tjj.wuhan.gov.cn/tjfw/tjgb/202503/t20250327_2558447.shtml
A10: 成都 | B10: 2147.4 | C10: =参数!B5 | D10: =参数!B6 | E10: 2024年末 常住人口；来源：https://cdstats.chengdu.gov.cn/cdstjj/c154795/2025-03/28/content_1f73d1378541456f83fd293eb6697eba.shtml
A11: 长沙 | B11: 1061.65 | C11: =参数!B5 | D11: =参数!B6 | E11: 2024年末 常住总人口；来源：http://tjj.hunan.gov.cn/tjfx/tjgb/szgb/szgb/zss_1/202505/t20250516_33673433.html
A12: 苏州 | B12: 1298.7 | C12: =参数!B5 | D12: =参数!B6 | E12: 2024年末 常住人口；来源：https://www.suzhou.gov.cn/szsrmzf/ndgmjjhshfztjsjfb/202506/c413b01f30224b7ba5ddbc1768cabe5c.shtml
A13: 天津 | B13: 1364 | C13: =参数!B5 | D13: =参数!B6 | E13: 2024年末 常住人口总量；来源：https://stats.tj.gov.cn/tjsj_52032/tjgb/202503/t20250321_6889872.html
A14: 厦门 | B14: 535 | C14: =参数!B5 | D14: =参数!B6 | E14: 2024年末 常住人口；来源：https://tjj.xm.gov.cn/tjzl/ndgb/202503/t20250326_2924164.htm
A15: 深圳 | B15: 1798.95 | C15: =参数!B5 | D15: =参数!B6 | E15: 2024年末 常住人口；来源：https://tjj.sz.gov.cn/zwgk/zfxxgkml/tjsj/tjgb/content/post_12190509.html
A16: 重庆 | B16: 3190.47 | C16: =参数!B5 | D16: =参数!B6 | E16: 2024年末 常住人口；来源：https://www.cq.gov.cn/zwgk/zfxxgkzl/fdzdgknr/tjxx/tjgb/202503/t20250326_14569744.html
A17: 宁波 | B17: 977.7 | C17: =参数!B5 | D17: =参数!B6 | E17: 2024年末 常住人口（抽样调查推算）；来源：http://tjj.ningbo.gov.cn/art/2025/3/20/art_1229042825_58921061.html
A18: 西安 | B18: 1316.76 | C18: =参数!B5 | D18: =参数!B6 | E18: 2024年末 常住人口；来源：https://tjj.shaanxi.gov.cn/tjsj/ndsj/tjgb/gs/202506/P020250616389699615236.pdf
A19: 广州 | B19: 1897.8 | C19: =参数!B5 | D19: =参数!B6 | E19: 2024年末 常住人口；来源：https://tjj.gz.gov.cn/stats_newtjyw/tjsj/tjgb/qstjgb/content/post_10203416.html
A20: 济南 | B20: 951.5 | C20: =参数!B5 | D20: =参数!B6 | E20: 2024年末 常住人口；来源：http://jntj.jinan.gov.cn/col18254/art/2025/art_18254_4754709.html
A21: 郑州 | B21: 1308.6 | C21: =参数!B5 | D21: =参数!B6 | E21: 2024年末 常住人口；来源：https://tjj.zhengzhou.gov.cn/tjgb/9230847.jhtml
A22: 青岛 | B22: 1044.25 | C22: =参数!B5 | D22: =参数!B6 | E22: 2024年末 常住人口；来源：http://qdtj.qingdao.gov.cn/tongjisj/tjsj_tjgb/202504/t20250408_9303012.shtml
A23: 福州 | B23: 850.1 | C23: =参数!B5 | D23: =参数!B6 | E23: 2024年末 常住人口；来源：https://www.fuzhou.gov.cn/zwgk/tjxx/ndbg/202504/t20250403_4999354.htm
A24: 合肥 | B24: 1000.2 | C24: =参数!B5 | D24: =参数!B6 | E24: 2024年末 常住人口；来源：https://tjj.hefei.gov.cn/tjyw/tjgb/15296487.html
A25: 沈阳 | B25: 924.3 | C25: =参数!B5 | D25: =参数!B6 | E25: 2024年末 常住人口；来源：https://www.shenyang.gov.cn/zwgk/fdzdgknr/tjxx/tjgb/202504/t20250423_4841162.html
A26: 大连 | B26: 754.4 | C26: =参数!B5 | D26: =参数!B6 | E26: （来源页未注明） 常住人口；来源：https://www.ln.gov.cn/web/sqgk/csmp/2025101310551499142/index.shtml

Sheet 人口来源
A1: 城市 | B1: 人口(万人) | C1: 统计年份 | D1: 口径说明 | E1: 官方URL | F1: 抓取/整理时间
A2: 香港 | B2: 753.42 | C2: 2024年末 | D2: 年终人口（临时数字） | E2: https://www.info.gov.hk/gia/general/202502/18/P2025021800292.htm | F2: 2026-04-15 23:53:20
A3: 澳门 | B3: 68.83 | C3: 2024年终 | D3: 年终总人口 | E3: https://www.dsec.gov.mo/getAttachment/bf633774-4b9e-4f4a-ab56-b7c2ce1d2cb4/C_POP_PUB_2024_Q4.aspx | F3: 2026-04-15 23:53:20
A4: 台北 | B4: 243.9507 | C4: 2025年12月 | D4: 户籍人口（口径与大陆常住人口不同） | E4: https://ca.gov.taipei/News_Content.aspx?n=8693DC9620A1AABF&s=EE7D5719108F4026&sms=D19E9582624D83CB | F4: 2026-04-15 23:53:20
A5: 上海 | B5: 2480.26 | C5: 2024年末 | D5: 常住人口 | E5: https://tjj.sh.gov.cn/tjgb/20250324/a7fe18c6d5c24d66bfca89c5bb4cdcfb.html | F5: 2026-04-15 23:53:20
A6: 北京 | B6: 2183.2 | C6: 2024年末 | D6: 常住人口 | E6: https://tjj.beijing.gov.cn/tjsj_31433/tjgb_31445/ndgb_31446/202503/t20250319_4038820.html | F6: 2026-04-15 23:53:20
A7: 杭州 | B7: 1262.4 | C7: 2024年末 | D7: 常住人口（抽样调查推算） | E7: https://www.hangzhou.gov.cn/art/2025/3/20/art_1229063404_4338664.html | F7: 2026-04-15 23:53:20
A8: 南京 | B8: 957.7 | C8: 2024年末 | D8: 常住人口 | E8: https://tjj.nanjing.gov.cn/bmfw/njsj/202504/t20250401_5108490.html | F8: 2026-04-15 23:53:20
A9: 武汉 | B9: 1380.91 | C9: 2024年末 | D9: 常住人口 | E9: https://tjj.wuhan.gov.cn/tjfw/tjgb/202503/t20250327_2558447.shtml | F9: 2026-04-15 23:53:20
A10: 成都 | B10: 2147.4 | C10: 2024年末 | D10: 常住人口 | E10: https://cdstats.chengdu.gov.cn/cdstjj/c154795/2025-03/28/content_1f73d1378541456f83fd293eb6697eba.shtml | F10: 2026-04-15 23:53:20
A11: 长沙 | B11: 1061.65 | C11: 2024年末 | D11: 常住总人口 | E11: http://tjj.hunan.gov.cn/tjfx/tjgb/szgb/szgb/zss_1/202505/t20250516_33673433.html | F11: 2026-04-15 23:53:20
A12: 苏州 | B12: 1298.7 | C12: 2024年末 | D12: 常住人口 | E12: https://www.suzhou.gov.cn/szsrmzf/ndgmjjhshfztjsjfb/202506/c413b01f30224b7ba5ddbc1768cabe5c.shtml | F12: 2026-04-15 23:53:20
A13: 天津 | B13: 1364 | C13: 2024年末 | D13: 常住人口总量 | E13: https://stats.tj.gov.cn/tjsj_52032/tjgb/202503/t20250321_6889872.html | F13: 2026-04-15 23:53:20
... A26: 大连 | B26: 754.4 | C26: （来源页未注明） | D26: 常住人口 | E26: https://www.ln.gov.cn/web/sqgk/csmp/2025101310551499142/index.shtml | F26: 2026-04-15 23:53:20

Sheet 实际GDP来源
A1: 城市 | B1: 实际GDP(亿元,当地币) | C1: 币种 | D1: 实际GDP(亿元,折人民币) | E1: 年份 | F1: 口径/备注 | G1: 官方URL | H1: 整理时间
A2: 香港 | B2: 31868.41 | C2: HKD | D2: =IF(B2="","",IF(C2="CNY",B2,IF(C2="HKD",B2*(XLOOKUP("HKD兑人民币(假设)",参数!A:A,参数!B:B,"")),IF(C2="MOP",B2*(XLOOKUP("MOP兑人民币(假设)",参数!A:A,参数!B:B,"")),"")))) | E2: 2024 | F2: 当年价格GDP：HK$3,186,841 million=31,868.41亿港元 | G2: https://www.censtatd.gov.hk/en/web_table.html?id=310-31001 | H2: 2026-04-16 00:30:18
A3: 澳门 | B3: 4033 | C3: MOP | D3: =IF(B3="","",IF(C3="CNY",B3,IF(C3="HKD",B3*(XLOOKUP("HKD兑人民币(假设)",参数!A:A,参数!B:B,"")),IF(C3="MOP",B3*(XLOOKUP("MOP兑人民币(假设)",参数!A:A,参数!B:B,"")),"")))) | E3: 2024 | F3: 本地生产总值：4,033亿澳门元 | G3: https://www.dsec.gov.mo/getAttachment/90256017-8545-4a31-a9cf-9fb828e1040e/SC_PIB_FR_2024_Q4.aspx | H3: 2026-04-16 00:30:18
A4: 台北 | D4: =IF(B4="","",IF(C4="CNY",B4,IF(C4="HKD",B4*(XLOOKUP("HKD兑人民币(假设)",参数!A:A,参数!B:B,"")),IF(C4="MOP",B4*(XLOOKUP("MOP兑人民币(假设)",参数!A:A,参数!B:B,"")),"")))) | F4: 未找到可核验的台北市官方市级GDP公开值 | H4: 2026-04-16 00:30:18
A5: 上海 | B5: 53926.71 | C5: CNY | D5: =IF(B5="","",IF(C5="CNY",B5,IF(C5="HKD",B5*(XLOOKUP("HKD兑人民币(假设)",参数!A:A,参数!B:B,"")),IF(C5="MOP",B5*(XLOOKUP("MOP兑人民币(假设)",参数!A:A,参数!B:B,"")),"")))) | E5: 2024 | F5: 地区生产总值 | G5: https://tjj.sh.gov.cn/ydsj2/20250121/7b7f638a00b1472ab181c1571bfc3c3a.html | H5: 2026-04-16 00:30:18
A6: 北京 | B6: 49843.1 | C6: CNY | D6: =IF(B6="","",IF(C6="CNY",B6,IF(C6="HKD",B6*(XLOOKUP("HKD兑人民币(假设)",参数!A:A,参数!B:B,"")),IF(C6="MOP",B6*(XLOOKUP("MOP兑人民币(假设)",参数!A:A,参数!B:B,"")),"")))) | E6: 2024 | F6: 地区生产总值（初步核算） | G6: https://tjj.beijing.gov.cn/tjsj_31433/tjgb_31445/ndgb_31446/202503/t20250319_4038820.html | H6: 2026-04-16 00:30:18
A7: 杭州 | B7: 21860 | C7: CNY | D7: =IF(B7="","",IF(C7="CNY",B7,IF(C7="HKD",B7*(XLOOKUP("HKD兑人民币(假设)",参数!A:A,参数!B:B,"")),IF(C7="MOP",B7*(XLOOKUP("MOP兑人民币(假设)",参数!A:A,参数!B:B,"")),"")))) | E7: 2024 | F7: 地区生产总值（初步核算） | G7: https://www.hangzhou.gov.cn/art/2025/3/20/art_1229063404_4338664.html | H7: 2026-04-16 00:30:18
A8: 南京 | B8: 18500.81 | C8: CNY | D8: =IF(B8="","",IF(C8="CNY",B8,IF(C8="HKD",B8*(XLOOKUP("HKD兑人民币(假设)",参数!A:A,参数!B:B,"")),IF(C8="MOP",B8*(XLOOKUP("MOP兑人民币(假设)",参数!A:A,参数!B:B,"")),"")))) | E8: 2024 | F8: 地区生产总值（初步核算） | G8: https://tjj.nanjing.gov.cn/bmfw/njsj/202504/t20250401_5108490.html | H8: 2026-04-16 00:30:18
A9: 武汉 | B9: 21106.23 | C9: CNY | D9: =IF(B9="","",IF(C9="CNY",B9,IF(C9="HKD",B9*(XLOOKUP("HKD兑人民币(假设)",参数!A:A,参数!B:B,"")),IF(C9="MOP",B9*(XLOOKUP("MOP兑人民币(假设)",参数!A:A,参数!B:B,"")),"")))) | E9: 2024 | F9: 地区生产总值（初步核算） | G9: https://tjj.wuhan.gov.cn/tjfw/tjgb/202503/t20250327_2558447.shtml | H9: 2026-04-16 00:30:18
A10: 成都 | B10: 23511.3 | C10: CNY | D10: =IF(B10="","",IF(C10="CNY",B10,IF(C10="HKD",B10*(XLOOKUP("HKD兑人民币(假设)",参数!A:A,参数!B:B,"")),IF(C10="MOP",B10*(XLOOKUP("MOP兑人民币(假设)",参数!A:A,参数!B:B,"")),"")))) | E10: 2024 | F10: 地区生产总值（统一核算初步结果；原公报页可能需浏览器访问） | G10: https://cdstats.chengdu.gov.cn/ | H10: 2026-04-16 00:30:18
A11: 长沙 | B11: 15268.78 | C11: CNY | D11: =IF(B11="","",IF(C11="CNY",B11,IF(C11="HKD",B11*(XLOOKUP("HKD兑人民币(假设)",参数!A:A,参数!B:B,"")),IF(C11="MOP",B11*(XLOOKUP("MOP兑人民币(假设)",参数!A:A,参数!B:B,"")),"")))) | E11: 2024 | F11: 地区生产总值（初步核算） | G11: http://tjj.hunan.gov.cn/tjfx/tjgb/szgb/szgb/zss_1/202505/t20250516_33673433.html | H11: 2026-04-16 00:30:18
A12: 苏州 | B12: 26727 | C12: CNY | D12: =IF(B12="","",IF(C12="CNY",B12,IF(C12="HKD",B12*(XLOOKUP("HKD兑人民币(假设)",参数!A:A,参数!B:B,"")),IF(C12="MOP",B12*(XLOOKUP("MOP兑人民币(假设)",参数!A:A,参数!B:B,"")),"")))) | E12: 2024 | F12: 地区生产总值（初步核算） | G12: https://www.suzhou.gov.cn/szsrmzf/ndgmjjhshfztjsjfb/202506/c413b01f30224b7ba5ddbc1768cabe5c.shtml | H12: 2026-04-16 00:30:18
A13: 天津 | B13: 18024.32 | C13: CNY | D13: =IF(B13="","",IF(C13="CNY",B13,IF(C13="HKD",B13*(XLOOKUP("HKD兑人民币(假设)",参数!A:A,参数!B:B,"")),IF(C13="MOP",B13*(XLOOKUP("MOP兑人民币(假设)",参数!A:A,参数!B:B,"")),"")))) | E13: 2024 | F13: 地区生产总值（统一核算） | G13: https://stats.tj.gov.cn/sy_51953/jjxx/202501/t20250117_6837795.html | H13: 2026-04-16 00:30:18
A14: 厦门 | B14: 8589.01 | C14: CNY | D14: =IF(B14="","",IF(C14="CNY",B14,IF(C14="HKD",B14*(XLOOKUP("HKD兑人民币(假设)",参数!A:A,参数!B:B,"")),IF(C14="MOP",B14*(XLOOKUP("MOP兑人民币(假设)",参数!A:A,参数!B:B,"")),"")))) | E14: 2024 | F14: 地区生产总值（初步核算） | G14: https://www.investxiamen.org.cn/detail/10810.html | H14: 2026-04-16 00:30:18
A15: 深圳 | B15: 36801.87 | C15: CNY | D15: =IF(B15="","",IF(C15="CNY",B15,IF(C15="HKD",B15*(XLOOKUP("HKD兑人民币(假设)",参数!A:A,参数!B:B,"")),IF(C15="MOP",B15*(XLOOKUP("MOP兑人民币(假设)",参数!A:A,参数!B:B,"")),"")))) | E15: 2024 | F15: 地区生产总值（广东省统一核算） | G15: https://tjj.sz.gov.cn/zwgk/zfxxgkml/tjsj/tjgb/content/post_12190509.html | H15: 2026-04-16 00:30:18
A16: 重庆 | B16: 32193.15 | C16: CNY | D16: =IF(B16="","",IF(C16="CNY",B16,IF(C16="HKD",B16*(XLOOKUP("HKD兑人民币(假设)",参数!A:A,参数!B:B,"")),IF(C16="MOP",B16*(XLOOKUP("MOP兑人民币(假设)",参数!A:A,参数!B:B,"")),"")))) | E16: 2024 | F16: 地区生产总值（初步核算） | G16: https://www.cq.gov.cn/zwgk/zfxxgkzl/fdzdgknr/tjxx/tjgb/202503/t20250326_14569744.html | H16: 2026-04-16 00:30:18
... A26: 大连 | B26: 9516.9 | C26: CNY | D26: =IF(B26="","",IF(C26="CNY",B26,IF(C26="HKD",B26*(XLOOKUP("HKD兑人民币(假设)",参数!A:A,参数!B:B,"")),IF(C26="MOP",B26*(XLOOKUP("MOP兑人民币(假设)",参数!A:A,参数!B:B,"")),"")))) | E26: 2024 | F26: 地区生产总值（新闻发布会；省政府转载） | G26: https://www.ln.gov.cn/web/ywdt/qsgd/ass_2_1/2025012109052991289/index.shtml | H26: 2026-04-16 00:30:18

Sheet 估算GDP
A1: 序号 | B1: 城市 | C1: 男性人均月消费(元) | D1: 女性人均月消费(元) | E1: 男性占比 | F1: 女性占比 | G1: 加权人均月消费(元) | H1: 加权人均年消费(元) | I1: 换算系数α | J1: 估算人均GDP(元) | K1: 总人口(万人，可选) | L1: 估算GDP总量(亿元，可选) | M1: 实际GDP总量(亿元,折人民币) | N1: 差额(估算-实际,亿元) | O1: 估算/实际 | P1: 实际人均GDP(元) | Q1: 人均差异率(估算-实际)/实际
A2: 1 | B2: 香港 | C2: =数据表!C2 | D2: =数据表!D2 | E2: =人口假设!C2 | F2: =人口假设!D2 | G2: =C2*E2+D2*F2 | H2: =G2*12 | I2: =参数!B4 | J2: =H2/I2 | K2: =人口假设!B2 | L2: =IF(K2="","",J2*K2*10000/100000000) | M2: =IF(实际GDP来源!D2="","",实际GDP来源!D2) | N2: =IF(132="","",L2-132) | O2: =IF(132="","",L2/132) | P2: =IF(OR(132="",K2=""),"",132/K2*10000) | Q2: =IF(OR(132="",K2=""),"",(J2-162)/162)
A3: 2 | B3: 澳门 | C3: =数据表!C3 | D3: =数据表!D3 | E3: =人口假设!C3 | F3: =人口假设!D3 | G3: =C3*E3+D3*F3 | H3: =G3*12 | I3: =参数!B4 | J3: =H3/I3 | K3: =人口假设!B3 | L3: =IF(K3="","",J3*K3*10000/100000000) | M3: =IF(实际GDP来源!D3="","",实际GDP来源!D3) | N3: =IF(133="","",L3-133) | O3: =IF(133="","",L3/133) | P3: =IF(OR(133="",K3=""),"",133/K3*10000) | Q3: =IF(OR(133="",K3=""),"",(J3-163)/163)
A4: 3 | B4: 台北 | C4: =数据表!C4 | D4: =数据表!D4 | E4: =人口假设!C4 | F4: =人口假设!D4 | G4: =C4*E4+D4*F4 | H4: =G4*12 | I4: =参数!B4 | J4: =H4/I4 | K4: =人口假设!B4 | L4: =IF(K4="","",J4*K4*10000/100000000) | M4: =IF(实际GDP来源!D4="","",实际GDP来源!D4) | N4: =IF(134="","",L4-134) | O4: =IF(134="","",L4/134) | P4: =IF(OR(134="",K4=""),"",134/K4*10000) | Q4: =IF(OR(134="",K4=""),"",(J4-164)/164)
A5: 4 | B5: 上海 | C5: =数据表!C5 | D5: =数据表!D5 | E5: =人口假设!C5 | F5: =人口假设!D5 | G5: =C5*E5+D5*F5 | H5: =G5*12 | I5: =参数!B4 | J5: =H5/I5 | K5: =人口假设!B5 | L5: =IF(K5="","",J5*K5*10000/100000000) | M5: =IF(实际GDP来源!D5="","",实际GDP来源!D5) | N5: =IF(135="","",L5-135) | O5: =IF(135="","",L5/135) | P5: =IF(OR(135="",K5=""),"",135/K5*10000) | Q5: =IF(OR(135="",K5=""),"",(J5-165)/165)
A6: 5 | B6: 北京 | C6: =数据表!C6 | D6: =数据表!D6 | E6: =人口假设!C6 | F6: =人口假设!D6 | G6: =C6*E6+D6*F6 | H6: =G6*12 | I6: =参数!B4 | J6: =H6/I6 | K6: =人口假设!B6 | L6: =IF(K6="","",J6*K6*10000/100000000) | M6: =IF(实际GDP来源!D6="","",实际GDP来源!D6) | N6: =IF(136="","",L6-136) | O6: =IF(136="","",L6/136) | P6: =IF(OR(136="",K6=""),"",136/K6*10000) | Q6: =IF(OR(136="",K6=""),"",(J6-166)/166)
A7: 6 | B7: 杭州 | C7: =数据表!C7 | D7: =数据表!D7 | E7: =人口假设!C7 | F7: =人口假设!D7 | G7: =C7*E7+D7*F7 | H7: =G7*12 | I7: =参数!B4 | J7: =H7/I7 | K7: =人口假设!B7 | L7: =IF(K7="","",J7*K7*10000/100000000) | M7: =IF(实际GDP来源!D7="","",实际GDP来源!D7) | N7: =IF(137="","",L7-137) | O7: =IF(137="","",L7/137) | P7: =IF(OR(137="",K7=""),"",137/K7*10000) | Q7: =IF(OR(137="",K7=""),"",(J7-167)/167)
A8: 7 | B8: 南京 | C8: =数据表!C8 | D8: =数据表!D8 | E8: =人口假设!C8 | F8: =人口假设!D8 | G8: =C8*E8+D8*F8 | H8: =G8*12 | I8: =参数!B4 | J8: =H8/I8 | K8: =人口假设!B8 | L8: =IF(K8="","",J8*K8*10000/100000000) | M8: =IF(实际GDP来源!D8="","",实际GDP来源!D8) | N8: =IF(138="","",L8-138) | O8: =IF(138="","",L8/138) | P8: =IF(OR(138="",K8=""),"",138/K8*10000) | Q8: =IF(OR(138="",K8=""),"",(J8-168)/168)
A9: 8 | B9: 武汉 | C9: =数据表!C9 | D9: =数据表!D9 | E9: =人口假设!C9 | F9: =人口假设!D9 | G9: =C9*E9+D9*F9 | H9: =G9*12 | I9: =参数!B4 | J9: =H9/I9 | K9: =人口假设!B9 | L9: =IF(K9="","",J9*K9*10000/100000000) | M9: =IF(实际GDP来源!D9="","",实际GDP来源!D9) | N9: =IF(139="","",L9-139) | O9: =IF(139="","",L9/139) | P9: =IF(OR(139="",K9=""),"",139/K9*10000) | Q9: =IF(OR(139="",K9=""),"",(J9-169)/169)
A10: 9 | B10: 成都 | C10: =数据表!C10 | D10: =数据表!D10 | E10: =人口假设!C10 | F10: =人口假设!D10 | G10: =C10*E10+D10*F10 | H10: =G10*12 | I10: =参数!B4 | J10: =H10/I10 | K10: =人口假设!B10 | L10: =IF(K10="","",J10*K10*10000/100000000) | M10: =IF(实际GDP来源!D10="","",实际GDP来源!D10) | N10: =IF(1310="","",L10-1310) | O10: =IF(1310="","",L10/1310) | P10: =IF(OR(1310="",K10=""),"",1310/K10*10000) | Q10: =IF(OR(1310="",K10=""),"",(J10-1610)/1610)
A11: 10 | B11: 长沙 | C11: =数据表!C11 | D11: =数据表!D11 | E11: =人口假设!C11 | F11: =人口假设!D11 | G11: =C11*E11+D11*F11 | H11: =G11*12 | I11: =参数!B4 | J11: =H11/I11 | K11: =人口假设!B11 | L11: =IF(K11="","",J11*K11*10000/100000000) | M11: =IF(实际GDP来源!D11="","",实际GDP来源!D11) | N11: =IF(1311="","",L11-1311) | O11: =IF(1311="","",L11/1311) | P11: =IF(OR(1311="",K11=""),"",1311/K11*10000) | Q11: =IF(OR(1311="",K11=""),"",(J11-1611)/1611)
A12: 11 | B12: 苏州 | C12: =数据表!C12 | D12: =数据表!D12 | E12: =人口假设!C12 | F12: =人口假设!D12 | G12: =C12*E12+D12*F12 | H12: =G12*12 | I12: =参数!B4 | J12: =H12/I12 | K12: =人口假设!B12 | L12: =IF(K12="","",J12*K12*10000/100000000) | M12: =IF(实际GDP来源!D12="","",实际GDP来源!D12) | N12: =IF(1312="","",L12-1312) | O12: =IF(1312="","",L12/1312) | P12: =IF(OR(1312="",K12=""),"",1312/K12*10000) | Q12: =IF(OR(1312="",K12=""),"",(J12-1612)/1612)
A13: 12 | B13: 天津 | C13: =数据表!C13 | D13: =数据表!D13 | E13: =人口假设!C13 | F13: =人口假设!D13 | G13: =C13*E13+D13*F13 | H13: =G13*12 | I13: =参数!B4 | J13: =H13/I13 | K13: =人口假设!B13 | L13: =IF(K13="","",J13*K13*10000/100000000) | M13: =IF(实际GDP来源!D13="","",实际GDP来源!D13) | N13: =IF(1313="","",L13-1313) | O13: =IF(1313="","",L13/1313) | P13: =IF(OR(1313="",K13=""),"",1313/K13*10000) | Q13: =IF(OR(1313="",K13=""),"",(J13-1613)/1613)
A14: 13 | B14: 厦门 | C14: =数据表!C14 | D14: =数据表!D14 | E14: =人口假设!C14 | F14: =人口假设!D14 | G14: =C14*E14+D14*F14 | H14: =G14*12 | I14: =参数!B4 | J14: =H14/I14 | K14: =人口假设!B14 | L14: =IF(K14="","",J14*K14*10000/100000000) | M14: =IF(实际GDP来源!D14="","",实际GDP来源!D14) | N14: =IF(1314="","",L14-1314) | O14: =IF(1314="","",L14/1314) | P14: =IF(OR(1314="",K14=""),"",1314/K14*10000) | Q14: =IF(OR(1314="",K14=""),"",(J14-1614)/1614)
A15: 14 | B15: 深圳 | C15: =数据表!C15 | D15: =数据表!D15 | E15: =人口假设!C15 | F15: =人口假设!D15 | G15: =C15*E15+D15*F15 | H15: =G15*12 | I15: =参数!B4 | J15: =H15/I15 | K15: =人口假设!B15 | L15: =IF(K15="","",J15*K15*10000/100000000) | M15: =IF(实际GDP来源!D15="","",实际GDP来源!D15) | N15: =IF(1315="","",L15-1315) | O15: =IF(1315="","",L15/1315) | P15: =IF(OR(1315="",K15=""),"",1315/K15*10000) | Q15: =IF(OR(1315="",K15=""),"",(J15-1615)/1615)
A16: 15 | B16: 重庆 | C16: =数据表!C16 | D16: =数据表!D16 | E16: =人口假设!C16 | F16: =人口假设!D16 | G16: =C16*E16+D16*F16 | H16: =G16*12 | I16: =参数!B4 | J16: =H16/I16 | K16: =人口假设!B16 | L16: =IF(K16="","",J16*K16*10000/100000000) | M16: =IF(实际GDP来源!D16="","",实际GDP来源!D16) | N16: =IF(1316="","",L16-1316) | O16: =IF(1316="","",L16/1316) | P16: =IF(OR(1316="",K16=""),"",1316/K16*10000) | Q16: =IF(OR(1316="",K16=""),"",(J16-1616)/1616)
A17: 16 | B17: 宁波 | C17: =数据表!C17 | D17: =数据表!D17 | E17: =人口假设!C17 | F17: =人口假设!D17 | G17: =C17*E17+D17*F17 | H17: =G17*12 | I17: =参数!B4 | J17: =H17/I17 | K17: =人口假设!B17 | L17: =IF(K17="","",J17*K17*10000/100000000) | M17: =IF(实际GDP来源!D17="","",实际GDP来源!D17) | N17: =IF(1317="","",L17-1317) | O17: =IF(1317="","",L17/1317) | P17: =IF(OR(1317="",K17=""),"",1317/K17*10000) | Q17: =IF(OR(1317="",K17=""),"",(J17-1617)/1617)
A18: 17 | B18: 西安 | C18: =数据表!C18 | D18: =数据表!D18 | E18: =人口假设!C18 | F18: =人口假设!D18 | G18: =C18*E18+D18*F18 | H18: =G18*12 | I18: =参数!B4 | J18: =H18/I18 | K18: =人口假设!B18 | L18: =IF(K18="","",J18*K18*10000/100000000) | M18: =IF(实际GDP来源!D18="","",实际GDP来源!D18) | N18: =IF(1318="","",L18-1318) | O18: =IF(1318="","",L18/1318) | P18: =IF(OR(1318="",K18=""),"",1318/K18*10000) | Q18: =IF(OR(1318="",K18=""),"",(J18-1618)/1618)
A19: 18 | B19: 广州 | C19: =数据表!C19 | D19: =数据表!D19 | E19: =人口假设!C19 | F19: =人口假设!D19 | G19: =C19*E19+D19*F19 | H19: =G19*12 | I19: =参数!B4 | J19: =H19/I19 | K19: =人口假设!B19 | L19: =IF(K19="","",J19*K19*10000/100000000) | M19: =IF(实际GDP来源!D19="","",实际GDP来源!D19) | N19: =IF(1319="","",L19-1319) | O19: =IF(1319="","",L19/1319) | P19: =IF(OR(1319="",K19=""),"",1319/K19*10000) | Q19: =IF(OR(1319="",K19=""),"",(J19-1619)/1619)
A20: 19 | B20: 济南 | C20: =数据表!C20 | D20: =数据表!D20 | E20: =人口假设!C20 | F20: =人口假设!D20 | G20: =C20*E20+D20*F20 | H20: =G20*12 | I20: =参数!B4 | J20: =H20/I20 | K20: =人口假设!B20 | L20: =IF(K20="","",J20*K20*10000/100000000) | M20: =IF(实际GDP来源!D20="","",实际GDP来源!D20) | N20: =IF(1320="","",L20-1320) | O20: =IF(1320="","",L20/1320) | P20: =IF(OR(1320="",K20=""),"",1320/K20*10000) | Q20: =IF(OR(1320="",K20=""),"",(J20-1620)/1620)
A21: 20 | B21: 郑州 | C21: =数据表!C21 | D21: =数据表!D21 | E21: =人口假设!C21 | F21: =人口假设!D21 | G21: =C21*E21+D21*F21 | H21: =G21*12 | I21: =参数!B4 | J21: =H21/I21 | K21: =人口假设!B21 | L21: =IF(K21="","",J21*K21*10000/100000000) | M21: =IF(实际GDP来源!D21="","",实际GDP来源!D21) | N21: =IF(1321="","",L21-1321) | O21: =IF(1321="","",L21/1321) | P21: =IF(OR(1321="",K21=""),"",1321/K21*10000) | Q21: =IF(OR(1321="",K21=""),"",(J21-1621)/1621)
A22: 21 | B22: 青岛 | C22: =数据表!C22 | D22: =数据表!D22 | E22: =人口假设!C22 | F22: =人口假设!D22 | G22: =C22*E22+D22*F22 | H22: =G22*12 | I22: =参数!B4 | J22: =H22/I22 | K22: =人口假设!B22 | L22: =IF(K22="","",J22*K22*10000/100000000) | M22: =IF(实际GDP来源!D22="","",实际GDP来源!D22) | N22: =IF(1322="","",L22-1322) | O22: =IF(1322="","",L22/1322) | P22: =IF(OR(1322="",K22=""),"",1322/K22*10000) | Q22: =IF(OR(1322="",K22=""),"",(J22-1622)/1622)
A23: 22 | B23: 福州 | C23: =数据表!C23 | D23: =数据表!D23 | E23: =人口假设!C23 | F23: =人口假设!D23 | G23: =C23*E23+D23*F23 | H23: =G23*12 | I23: =参数!B4 | J23: =H23/I23 | K23: =人口假设!B23 | L23: =IF(K23="","",J23*K23*10000/100000000) | M23: =IF(实际GDP来源!D23="","",实际GDP来源!D23) | N23: =IF(1323="","",L23-1323) | O23: =IF(1323="","",L23/1323) | P23: =IF(OR(1323="",K23=""),"",1323/K23*10000) | Q23: =IF(OR(1323="",K23=""),"",(J23-1623)/1623)
A24: 23 | B24: 合肥 | C24: =数据表!C24 | D24: =数据表!D24 | E24: =人口假设!C24 | F24: =人口假设!D24 | G24: =C24*E24+D24*F24 | H24: =G24*12 | I24: =参数!B4 | J24: =H24/I24 | K24: =人口假设!B24 | L24: =IF(K24="","",J24*K24*10000/100000000) | M24: =IF(实际GDP来源!D24="","",实际GDP来源!D24) | N24: =IF(1324="","",L24-1324) | O24: =IF(1324="","",L24/1324) | P24: =IF(OR(1324="",K24=""),"",1324/K24*10000) | Q24: =IF(OR(1324="",K24=""),"",(J24-1624)/1624)
A25: 24 | B25: 沈阳 | C25: =数据表!C25 | D25: =数据表!D25 | E25: =人口假设!C25 | F25: =人口假设!D25 | G25: =C25*E25+D25*F25 | H25: =G25*12 | I25: =参数!B4 | J25: =H25/I25 | K25: =人口假设!B25 | L25: =IF(K25="","",J25*K25*10000/100000000) | M25: =IF(实际GDP来源!D25="","",实际GDP来源!D25) | N25: =IF(1325="","",L25-1325) | O25: =IF(1325="","",L25/1325) | P25: =IF(OR(1325="",K25=""),"",1325/K25*10000) | Q25: =IF(OR(1325="",K25=""),"",(J25-1625)/1625)
A26: 25 | B26: 大连 | C26: =数据表!C26 | D26: =数据表!D26 | E26: =人口假设!C26 | F26: =人口假设!D26 | G26: =C26*E26+D26*F26 | H26: =G26*12 | I26: =参数!B4 | J26: =H26/I26 | K26: =人口假设!B26 | L26: =IF(K26="","",J26*K26*10000/100000000) | M26: =IF(实际GDP来源!D26="","",实际GDP来源!D26) | N26: =IF(1326="","",L26-1326) | O26: =IF(1326="","",L26/1326) | P26: =IF(OR(1326="",K26=""),"",1326/K26*10000) | Q26: =IF(OR(1326="",K26=""),"",(J26-1626)/1626)

Sheet 数据表
A1: 序号 | B1: 城市 | C1: 男性人均每月消费额(元) | D1: 女性人均每月消费额(元) | E1: 省市区 | F1: 区域
A2: 1 | B2: 香港 | C2: 23543 | D2: 23608 | E2: 香港 | F2: 华南
A3: 2 | B3: 澳门 | C3: 21167 | D3: 22532 | E3: 澳门 | F3: 华南
A4: 3 | B4: 台北 | C4: 9913 | D4: 9894 | E4: 台湾 | F4: 华东
A5: 4 | B5: 上海 | C5: 5462 | D5: 10872 | E5: 上海 | F5: 华东
A6: 5 | B6: 北京 | C6: 5421 | D6: 10455 | E6: 北京 | F6: 华北
A7: 6 | B7: 杭州 | C7: 5124 | D7: 9885 | E7: 浙江 | F7: 华东
A8: 7 | B8: 南京 | C8: 5102 | D8: 9843 | E8: 江苏 | F8: 华东
A9: 8 | B9: 武汉 | C9: 5087 | D9: 9556 | E9: 湖北 | F9: 华中
A10: 9 | B10: 成都 | C10: 5055 | D10: 9122 | E10: 四川 | F10: 西南
A11: 10 | B11: 长沙 | C11: 5023 | D11: 9133 | E11: 湖南 | F11: 华中
A12: 11 | B12: 苏州 | C12: 5015 | D12: 9262 | E12: 江苏 | F12: 华东
A13: 12 | B13: 天津 | C13: 5006 | D13: 9371 | E13: 天津 | F13: 华北
... A26: 25 | B26: 大连 | C26: 4853 | D26: 8196 | E26: 辽宁 | F26: 东北

Sheet 来源说明
A1: 来源链接 | B1: https://www.163.com/dy/article/KC72RRK605388U6J.html
A2: 提取方式 | B2: 根据文章配图表格逐行转录为结构化数据（未对数据真实性/口径做独立核验）
A3: 提取时间 | B3: 2026-04-15 22:51:49
